{"cameraMode":{"drawMode":0,"name":"Shaded","section":"Shading Mode"},"sceneLighting":true,"audioPlay":false,"sceneViewState":{"showFog":true,"showMaterialUpdate":false,"showSkybox":true,"showFlares":true,"showImageEffects":true,"showParticleSystems":true},"in2DMode":false,"pivot":{"x":461.6500244140625,"y":493.06500244140627,"z":0.0},"rotation":{"x":-0.0013404176570475102,"y":0.9976881742477417,"z":-0.06475047022104263,"w":-0.02065417543053627},"size":800.646240234375,"orthographic":false}