{"cameraMode":{"drawMode":0,"name":"Shaded","section":"Shading Mode"},"sceneLighting":true,"audioPlay":false,"sceneViewState":{"showFog":true,"showMaterialUpdate":false,"showSkybox":true,"showFlares":true,"showImageEffects":true,"showParticleSystems":true},"in2DMode":false,"pivot":{"x":680.3310546875,"y":358.9996337890625,"z":-25.96502685546875},"rotation":{"x":-0.0183066688477993,"y":-0.014400134794414044,"z":0.0002636209537740797,"w":-0.9997298121452332},"size":812.0083618164063,"orthographic":false}